﻿<?xml version="1.0" encoding="utf-8"?>
<TextureAtlas imagePath="bfPixel.png">
	<!-- Created with Adobe Animate version 20.0.0.17400 -->
	<!-- http://www.adobe.com/products/animate.html -->
	<SubTexture name="BF DOWN MISS instance 10000" x="182" y="0" width="88" height="77"/>
	<SubTexture name="BF DOWN MISS instance 10001" x="0" y="0" width="88" height="77"/>
	<SubTexture name="BF DOWN MISS instance 10002" x="0" y="0" width="88" height="77"/>
	<SubTexture name="BF DOWN MISS instance 10003" x="91" y="0" width="88" height="77"/>
	<SubTexture name="BF DOWN MISS instance 10004" x="91" y="0" width="88" height="77"/>
	<SubTexture name="BF DOWN MISS instance 10005" x="91" y="0" width="88" height="77"/>
	<SubTexture name="BF DOWN MISS instance 10006" x="91" y="0" width="88" height="77"/>
	<SubTexture name="BF DOWN MISS instance 10007" x="91" y="0" width="88" height="77"/>
	<SubTexture name="BF DOWN MISS instance 10008" x="91" y="0" width="88" height="77"/>
	<SubTexture name="BF DOWN MISS instance 10009" x="91" y="0" width="88" height="77"/>
	<SubTexture name="BF DOWN MISS instance 10010" x="91" y="0" width="88" height="77"/>
	<SubTexture name="BF DOWN MISS instance 10011" x="91" y="0" width="88" height="77"/>
	<SubTexture name="BF DOWN MISS instance 10012" x="91" y="0" width="88" height="77"/>
	<SubTexture name="BF DOWN MISS instance 10013" x="91" y="0" width="88" height="77"/>
	<SubTexture name="BF DOWN NOTE instance 10000" x="182" y="0" width="88" height="77"/>
	<SubTexture name="BF DOWN NOTE instance 10001" x="182" y="0" width="88" height="77"/>
	<SubTexture name="BF DOWN NOTE instance 10002" x="273" y="0" width="88" height="77"/>
	<SubTexture name="BF DOWN NOTE instance 10003" x="273" y="0" width="88" height="77"/>
	<SubTexture name="BF DOWN NOTE instance 10004" x="273" y="0" width="88" height="77"/>
	<SubTexture name="BF DOWN NOTE instance 10005" x="273" y="0" width="88" height="77"/>
	<SubTexture name="BF DOWN NOTE instance 10006" x="273" y="0" width="88" height="77"/>
	<SubTexture name="BF DOWN NOTE instance 10007" x="273" y="0" width="88" height="77"/>
	<SubTexture name="BF DOWN NOTE instance 10008" x="273" y="0" width="88" height="77"/>
	<SubTexture name="BF DOWN NOTE instance 10009" x="273" y="0" width="88" height="77"/>
	<SubTexture name="BF DOWN NOTE instance 10010" x="273" y="0" width="88" height="77"/>
	<SubTexture name="BF DOWN NOTE instance 10011" x="273" y="0" width="88" height="77"/>
	<SubTexture name="BF DOWN NOTE instance 10012" x="273" y="0" width="88" height="77"/>
	<SubTexture name="BF DOWN NOTE instance 10013" x="273" y="0" width="88" height="77"/>
	<SubTexture name="BF IDLE instance 10000" x="364" y="0" width="88" height="77"/>
	<SubTexture name="BF IDLE instance 10001" x="364" y="0" width="88" height="77"/>
	<SubTexture name="BF IDLE instance 10002" x="455" y="0" width="88" height="77"/>
	<SubTexture name="BF IDLE instance 10003" x="455" y="0" width="88" height="77"/>
	<SubTexture name="BF IDLE instance 10004" x="0" y="91" width="88" height="77"/>
	<SubTexture name="BF IDLE instance 10005" x="0" y="91" width="88" height="77"/>
	<SubTexture name="BF IDLE instance 10006" x="91" y="91" width="88" height="77"/>
	<SubTexture name="BF IDLE instance 10007" x="91" y="91" width="88" height="77"/>
	<SubTexture name="BF IDLE instance 10008" x="182" y="91" width="88" height="77"/>
	<SubTexture name="BF IDLE instance 10009" x="182" y="91" width="88" height="77"/>
	<SubTexture name="BF IDLE instance 10010" x="182" y="91" width="88" height="77"/>
	<SubTexture name="BF IDLE instance 10011" x="182" y="91" width="88" height="77"/>
	<SubTexture name="BF IDLE instance 10012" x="182" y="91" width="88" height="77"/>
	<SubTexture name="BF IDLE instance 10013" x="182" y="91" width="88" height="77"/>
	<SubTexture name="BF LEFT MISS instance 10000" x="455" y="91" width="88" height="77"/>
	<SubTexture name="BF LEFT MISS instance 10001" x="273" y="91" width="88" height="77"/>
	<SubTexture name="BF LEFT MISS instance 10002" x="273" y="91" width="88" height="77"/>
	<SubTexture name="BF LEFT MISS instance 10003" x="364" y="91" width="88" height="77"/>
	<SubTexture name="BF LEFT MISS instance 10004" x="364" y="91" width="88" height="77"/>
	<SubTexture name="BF LEFT MISS instance 10005" x="364" y="91" width="88" height="77"/>
	<SubTexture name="BF LEFT MISS instance 10006" x="364" y="91" width="88" height="77"/>
	<SubTexture name="BF LEFT MISS instance 10007" x="364" y="91" width="88" height="77"/>
	<SubTexture name="BF LEFT MISS instance 10008" x="364" y="91" width="88" height="77"/>
	<SubTexture name="BF LEFT MISS instance 10009" x="364" y="91" width="88" height="77"/>
	<SubTexture name="BF LEFT MISS instance 10010" x="364" y="91" width="88" height="77"/>
	<SubTexture name="BF LEFT MISS instance 10011" x="364" y="91" width="88" height="77"/>
	<SubTexture name="BF LEFT MISS instance 10012" x="364" y="91" width="88" height="77"/>
	<SubTexture name="BF LEFT MISS instance 10013" x="364" y="91" width="88" height="77"/>
	<SubTexture name="BF LEFT NOTE instance 10000" x="455" y="91" width="88" height="77"/>
	<SubTexture name="BF LEFT NOTE instance 10001" x="455" y="91" width="88" height="77"/>
	<SubTexture name="BF LEFT NOTE instance 10002" x="0" y="182" width="88" height="77"/>
	<SubTexture name="BF LEFT NOTE instance 10003" x="0" y="182" width="88" height="77"/>
	<SubTexture name="BF LEFT NOTE instance 10004" x="0" y="182" width="88" height="77"/>
	<SubTexture name="BF LEFT NOTE instance 10005" x="0" y="182" width="88" height="77"/>
	<SubTexture name="BF LEFT NOTE instance 10006" x="0" y="182" width="88" height="77"/>
	<SubTexture name="BF LEFT NOTE instance 10007" x="0" y="182" width="88" height="77"/>
	<SubTexture name="BF LEFT NOTE instance 10008" x="0" y="182" width="88" height="77"/>
	<SubTexture name="BF LEFT NOTE instance 10009" x="0" y="182" width="88" height="77"/>
	<SubTexture name="BF LEFT NOTE instance 10010" x="0" y="182" width="88" height="77"/>
	<SubTexture name="BF LEFT NOTE instance 10011" x="0" y="182" width="88" height="77"/>
	<SubTexture name="BF LEFT NOTE instance 10012" x="0" y="182" width="88" height="77"/>
	<SubTexture name="BF LEFT NOTE instance 10013" x="0" y="182" width="88" height="77"/>
	<SubTexture name="BF RIGHT MISS instance 10000" x="273" y="182" width="88" height="77"/>
	<SubTexture name="BF RIGHT MISS instance 10001" x="91" y="182" width="88" height="77"/>
	<SubTexture name="BF RIGHT MISS instance 10002" x="91" y="182" width="88" height="77"/>
	<SubTexture name="BF RIGHT MISS instance 10003" x="182" y="182" width="88" height="77"/>
	<SubTexture name="BF RIGHT MISS instance 10004" x="182" y="182" width="88" height="77"/>
	<SubTexture name="BF RIGHT MISS instance 10005" x="182" y="182" width="88" height="77"/>
	<SubTexture name="BF RIGHT MISS instance 10006" x="182" y="182" width="88" height="77"/>
	<SubTexture name="BF RIGHT MISS instance 10007" x="182" y="182" width="88" height="77"/>
	<SubTexture name="BF RIGHT MISS instance 10008" x="182" y="182" width="88" height="77"/>
	<SubTexture name="BF RIGHT MISS instance 10009" x="182" y="182" width="88" height="77"/>
	<SubTexture name="BF RIGHT MISS instance 10010" x="182" y="182" width="88" height="77"/>
	<SubTexture name="BF RIGHT MISS instance 10011" x="182" y="182" width="88" height="77"/>
	<SubTexture name="BF RIGHT MISS instance 10012" x="182" y="182" width="88" height="77"/>
	<SubTexture name="BF RIGHT MISS instance 10013" x="182" y="182" width="88" height="77"/>
	<SubTexture name="BF RIGHT NOTE instance 10000" x="273" y="182" width="88" height="77"/>
	<SubTexture name="BF RIGHT NOTE instance 10001" x="273" y="182" width="88" height="77"/>
	<SubTexture name="BF RIGHT NOTE instance 10002" x="364" y="182" width="88" height="77"/>
	<SubTexture name="BF RIGHT NOTE instance 10003" x="364" y="182" width="88" height="77"/>
	<SubTexture name="BF RIGHT NOTE instance 10004" x="364" y="182" width="88" height="77"/>
	<SubTexture name="BF RIGHT NOTE instance 10005" x="364" y="182" width="88" height="77"/>
	<SubTexture name="BF RIGHT NOTE instance 10006" x="364" y="182" width="88" height="77"/>
	<SubTexture name="BF RIGHT NOTE instance 10007" x="364" y="182" width="88" height="77"/>
	<SubTexture name="BF RIGHT NOTE instance 10008" x="364" y="182" width="88" height="77"/>
	<SubTexture name="BF RIGHT NOTE instance 10009" x="364" y="182" width="88" height="77"/>
	<SubTexture name="BF RIGHT NOTE instance 10010" x="364" y="182" width="88" height="77"/>
	<SubTexture name="BF RIGHT NOTE instance 10011" x="364" y="182" width="88" height="77"/>
	<SubTexture name="BF RIGHT NOTE instance 10012" x="364" y="182" width="88" height="77"/>
	<SubTexture name="BF RIGHT NOTE instance 10013" x="364" y="182" width="88" height="77"/>
	<SubTexture name="BF UP MISS instance 10000" x="91" y="273" width="88" height="77"/>
	<SubTexture name="BF UP MISS instance 10001" x="455" y="182" width="88" height="77"/>
	<SubTexture name="BF UP MISS instance 10002" x="455" y="182" width="88" height="77"/>
	<SubTexture name="BF UP MISS instance 10003" x="0" y="273" width="88" height="77"/>
	<SubTexture name="BF UP MISS instance 10004" x="0" y="273" width="88" height="77"/>
	<SubTexture name="BF UP MISS instance 10005" x="0" y="273" width="88" height="77"/>
	<SubTexture name="BF UP MISS instance 10006" x="0" y="273" width="88" height="77"/>
	<SubTexture name="BF UP MISS instance 10007" x="0" y="273" width="88" height="77"/>
	<SubTexture name="BF UP MISS instance 10008" x="0" y="273" width="88" height="77"/>
	<SubTexture name="BF UP MISS instance 10009" x="0" y="273" width="88" height="77"/>
	<SubTexture name="BF UP MISS instance 10010" x="0" y="273" width="88" height="77"/>
	<SubTexture name="BF UP MISS instance 10011" x="0" y="273" width="88" height="77"/>
	<SubTexture name="BF UP MISS instance 10012" x="0" y="273" width="88" height="77"/>
	<SubTexture name="BF UP MISS instance 10013" x="0" y="273" width="88" height="77"/>
	<SubTexture name="BF UP NOTE instance 10000" x="91" y="273" width="88" height="77"/>
	<SubTexture name="BF UP NOTE instance 10001" x="91" y="273" width="88" height="77"/>
	<SubTexture name="BF UP NOTE instance 10002" x="182" y="273" width="88" height="77"/>
	<SubTexture name="BF UP NOTE instance 10003" x="182" y="273" width="88" height="77"/>
	<SubTexture name="BF UP NOTE instance 10004" x="182" y="273" width="88" height="77"/>
	<SubTexture name="BF UP NOTE instance 10005" x="182" y="273" width="88" height="77"/>
	<SubTexture name="BF UP NOTE instance 10006" x="182" y="273" width="88" height="77"/>
	<SubTexture name="BF UP NOTE instance 10007" x="182" y="273" width="88" height="77"/>
	<SubTexture name="BF UP NOTE instance 10008" x="182" y="273" width="88" height="77"/>
	<SubTexture name="BF UP NOTE instance 10009" x="182" y="273" width="88" height="77"/>
	<SubTexture name="BF UP NOTE instance 10010" x="182" y="273" width="88" height="77"/>
	<SubTexture name="BF UP NOTE instance 10011" x="182" y="273" width="88" height="77"/>
	<SubTexture name="BF UP NOTE instance 10012" x="182" y="273" width="88" height="77"/>
	<SubTexture name="BF UP NOTE instance 10013" x="182" y="273" width="88" height="77"/>
</TextureAtlas>
