﻿<?xml version="1.0" encoding="utf-8"?>
<TextureAtlas imagePath="BOYFRIEND.png">
	<!-- Created with Adobe Animate version 19.2.1.408 -->
	<!-- http://www.adobe.com/products/animate.html -->
	<SubTexture name="BF Dead Loop0000" x="0" y="0" width="414" height="446" pivotX="-27.6" pivotY="-980.6"/>
	<SubTexture name="BF Dead Loop0001" x="414" y="0" width="414" height="446"/>
	<SubTexture name="BF Dead Loop0002" x="414" y="0" width="414" height="446"/>
	<SubTexture name="BF Dead Loop0003" x="828" y="0" width="414" height="446"/>
	<SubTexture name="BF Dead Loop0004" x="828" y="0" width="414" height="446"/>
	<SubTexture name="BF Dead Loop0005" x="1242" y="0" width="414" height="446"/>
	<SubTexture name="BF Dead Loop0006" x="1242" y="0" width="414" height="446"/>
	<SubTexture name="BF Dead Loop0007" x="1656" y="0" width="414" height="446"/>
	<SubTexture name="BF Dead Loop0008" x="2070" y="0" width="414" height="446"/>
	<SubTexture name="BF Dead Loop0009" x="2070" y="0" width="414" height="446"/>
	<SubTexture name="BF Dead Loop0010" x="2070" y="0" width="414" height="446"/>
	<SubTexture name="BF Dead Loop0011" x="2070" y="0" width="414" height="446"/>
	<SubTexture name="BF Dead Loop0012" x="2070" y="0" width="414" height="446"/>
	<SubTexture name="BF Dead Loop0013" x="2070" y="0" width="414" height="446"/>
	<SubTexture name="BF Dead Loop0014" x="2070" y="0" width="414" height="446"/>
	<SubTexture name="BF Dead Loop0015" x="2070" y="0" width="414" height="446"/>
	<SubTexture name="BF Dead Loop0016" x="2070" y="0" width="414" height="446"/>
	<SubTexture name="BF Dead Loop0017" x="0" y="0" width="414" height="446"/>
	<SubTexture name="BF Dead Loop0018" x="414" y="0" width="414" height="446"/>
	<SubTexture name="BF Dead Loop0019" x="414" y="0" width="414" height="446"/>
	<SubTexture name="BF Dead Loop0020" x="828" y="0" width="414" height="446"/>
	<SubTexture name="BF Dead Loop0021" x="828" y="0" width="414" height="446"/>
	<SubTexture name="BF Dead Loop0022" x="1242" y="0" width="414" height="446"/>
	<SubTexture name="BF Dead Loop0023" x="1242" y="0" width="414" height="446"/>
	<SubTexture name="BF Dead Loop0024" x="2070" y="0" width="414" height="446"/>
	<SubTexture name="BF Dead Loop0025" x="2070" y="0" width="414" height="446"/>
	<SubTexture name="BF Dead Loop0026" x="2070" y="0" width="414" height="446"/>
	<SubTexture name="BF Dead Loop0027" x="2070" y="0" width="414" height="446"/>
	<SubTexture name="BF Dead Loop0028" x="2070" y="0" width="414" height="446"/>
	<SubTexture name="BF Dead Loop0029" x="2070" y="0" width="414" height="446"/>
	<SubTexture name="BF Dead Loop0030" x="1656" y="0" width="414" height="446"/>
	<SubTexture name="BF Dead Loop0031" x="2070" y="0" width="414" height="446"/>
	<SubTexture name="BF Dead Loop0032" x="2070" y="0" width="414" height="446"/>
	<SubTexture name="BF Dead Loop0033" x="2070" y="0" width="414" height="446"/>
	<SubTexture name="BF Dead confirm0000" x="2484" y="0" width="414" height="447" pivotX="-26.65" pivotY="-934.9" frameX="0" frameY="-46" frameWidth="448" frameHeight="493"/>
	<SubTexture name="BF Dead confirm0001" x="2898" y="0" width="428" height="463" frameX="0" frameY="-30" frameWidth="448" frameHeight="493"/>
	<SubTexture name="BF Dead confirm0002" x="3326" y="0" width="428" height="493" frameX="0" frameY="0" frameWidth="448" frameHeight="493"/>
	<SubTexture name="BF Dead confirm0003" x="3754" y="0" width="428" height="463" frameX="0" frameY="-30" frameWidth="448" frameHeight="493"/>
	<SubTexture name="BF Dead confirm0004" x="4182" y="0" width="428" height="463" frameX="0" frameY="-30" frameWidth="448" frameHeight="493"/>
	<SubTexture name="BF Dead confirm0005" x="4610" y="0" width="428" height="463" frameX="0" frameY="-30" frameWidth="448" frameHeight="493"/>
	<SubTexture name="BF Dead confirm0006" x="5038" y="0" width="428" height="463" frameX="0" frameY="-30" frameWidth="448" frameHeight="493"/>
	<SubTexture name="BF Dead confirm0007" x="5466" y="0" width="428" height="463" frameX="0" frameY="-30" frameWidth="448" frameHeight="493"/>
	<SubTexture name="BF Dead confirm0008" x="5894" y="0" width="428" height="463" frameX="0" frameY="-30" frameWidth="448" frameHeight="493"/>
	<SubTexture name="BF Dead confirm0009" x="6322" y="0" width="428" height="463" frameX="0" frameY="-30" frameWidth="448" frameHeight="493"/>
	<SubTexture name="BF Dead confirm0010" x="6750" y="0" width="428" height="463" frameX="0" frameY="-30" frameWidth="448" frameHeight="493"/>
	<SubTexture name="BF Dead confirm0011" x="7178" y="0" width="428" height="463" frameX="0" frameY="-30" frameWidth="448" frameHeight="493"/>
	<SubTexture name="BF Dead confirm0012" x="7606" y="0" width="429" height="463" frameX="0" frameY="-30" frameWidth="448" frameHeight="493"/>
	<SubTexture name="BF Dead confirm0013" x="0" y="493" width="431" height="463" frameX="0" frameY="-30" frameWidth="448" frameHeight="493"/>
	<SubTexture name="BF Dead confirm0014" x="431" y="493" width="434" height="463" frameX="0" frameY="-30" frameWidth="448" frameHeight="493"/>
	<SubTexture name="BF Dead confirm0015" x="865" y="493" width="436" height="463" frameX="0" frameY="-30" frameWidth="448" frameHeight="493"/>
	<SubTexture name="BF Dead confirm0016" x="1301" y="493" width="439" height="463" frameX="0" frameY="-30" frameWidth="448" frameHeight="493"/>
	<SubTexture name="BF Dead confirm0017" x="1740" y="493" width="440" height="463" frameX="0" frameY="-30" frameWidth="448" frameHeight="493"/>
	<SubTexture name="BF Dead confirm0018" x="2180" y="493" width="442" height="463" frameX="0" frameY="-30" frameWidth="448" frameHeight="493"/>
	<SubTexture name="BF Dead confirm0019" x="2622" y="493" width="444" height="463" frameX="0" frameY="-30" frameWidth="448" frameHeight="493"/>
	<SubTexture name="BF Dead confirm0020" x="3066" y="493" width="445" height="463" frameX="0" frameY="-30" frameWidth="448" frameHeight="493"/>
	<SubTexture name="BF Dead confirm0021" x="3511" y="493" width="446" height="463" frameX="0" frameY="-30" frameWidth="448" frameHeight="493"/>
	<SubTexture name="BF Dead confirm0022" x="3957" y="493" width="447" height="463" frameX="0" frameY="-30" frameWidth="448" frameHeight="493"/>
	<SubTexture name="BF Dead confirm0023" x="4404" y="493" width="447" height="463" frameX="0" frameY="-30" frameWidth="448" frameHeight="493"/>
	<SubTexture name="BF Dead confirm0024" x="4404" y="493" width="447" height="463" frameX="0" frameY="-30" frameWidth="448" frameHeight="493"/>
	<SubTexture name="BF Dead confirm0025" x="4404" y="493" width="447" height="463" frameX="0" frameY="-30" frameWidth="448" frameHeight="493"/>
	<SubTexture name="BF Dead confirm0026" x="4404" y="493" width="447" height="463" frameX="0" frameY="-30" frameWidth="448" frameHeight="493"/>
	<SubTexture name="BF Dead confirm0027" x="4404" y="493" width="447" height="463" frameX="0" frameY="-30" frameWidth="448" frameHeight="493"/>
	<SubTexture name="BF Dead confirm0028" x="4404" y="493" width="447" height="463" frameX="0" frameY="-30" frameWidth="448" frameHeight="493"/>
	<SubTexture name="BF Dead confirm0029" x="4404" y="493" width="447" height="463" frameX="0" frameY="-30" frameWidth="448" frameHeight="493"/>
	<SubTexture name="BF Dead confirm0030" x="4404" y="493" width="447" height="463" frameX="0" frameY="-30" frameWidth="448" frameHeight="493"/>
	<SubTexture name="BF Dead confirm0031" x="4404" y="493" width="447" height="463" frameX="0" frameY="-30" frameWidth="448" frameHeight="493"/>
	<SubTexture name="BF Dead confirm0032" x="4404" y="493" width="447" height="463" frameX="0" frameY="-30" frameWidth="448" frameHeight="493"/>
	<SubTexture name="BF Dead confirm0033" x="4404" y="493" width="447" height="463" frameX="0" frameY="-30" frameWidth="448" frameHeight="493"/>
	<SubTexture name="BF HEY!!0000" x="4851" y="493" width="436" height="459" pivotX="437" pivotY="460.1" frameX="0" frameY="-1" frameWidth="437" frameHeight="460"/>
	<SubTexture name="BF HEY!!0001" x="5287" y="493" width="436" height="453" frameX="0" frameY="-7" frameWidth="437" frameHeight="460"/>
	<SubTexture name="BF HEY!!0002" x="5723" y="493" width="430" height="457" frameX="-2" frameY="-3" frameWidth="437" frameHeight="460"/>
	<SubTexture name="BF HEY!!0003" x="6153" y="493" width="430" height="451" frameX="-2" frameY="-9" frameWidth="437" frameHeight="460"/>
	<SubTexture name="BF HEY!!0004" x="6583" y="493" width="434" height="460" frameX="-3" frameY="0" frameWidth="437" frameHeight="460"/>
	<SubTexture name="BF HEY!!0005" x="7017" y="493" width="434" height="454" frameX="-3" frameY="-6" frameWidth="437" frameHeight="460"/>
	<SubTexture name="BF HEY!!0006" x="6583" y="493" width="434" height="460" frameX="-3" frameY="0" frameWidth="437" frameHeight="460"/>
	<SubTexture name="BF HEY!!0007" x="7017" y="493" width="434" height="454" frameX="-3" frameY="-6" frameWidth="437" frameHeight="460"/>
	<SubTexture name="BF HEY!!0008" x="6583" y="493" width="434" height="460" frameX="-3" frameY="0" frameWidth="437" frameHeight="460"/>
	<SubTexture name="BF HEY!!0009" x="7017" y="493" width="434" height="454" frameX="-3" frameY="-6" frameWidth="437" frameHeight="460"/>
	<SubTexture name="BF HEY!!0010" x="6583" y="493" width="434" height="460" frameX="-3" frameY="0" frameWidth="437" frameHeight="460"/>
	<SubTexture name="BF HEY!!0011" x="7017" y="493" width="434" height="454" frameX="-3" frameY="-6" frameWidth="437" frameHeight="460"/>
	<SubTexture name="BF HEY!!0012" x="6583" y="493" width="434" height="460" frameX="-3" frameY="0" frameWidth="437" frameHeight="460"/>
	<SubTexture name="BF HEY!!0013" x="7017" y="493" width="434" height="454" frameX="-3" frameY="-6" frameWidth="437" frameHeight="460"/>
	<SubTexture name="BF HEY!!0014" x="6583" y="493" width="434" height="460" frameX="-3" frameY="0" frameWidth="437" frameHeight="460"/>
	<SubTexture name="BF HEY!!0015" x="7017" y="493" width="434" height="454" frameX="-3" frameY="-6" frameWidth="437" frameHeight="460"/>
	<SubTexture name="BF HEY!!0016" x="6583" y="493" width="434" height="460" frameX="-3" frameY="0" frameWidth="437" frameHeight="460"/>
	<SubTexture name="BF HEY!!0017" x="7017" y="493" width="434" height="454" frameX="-3" frameY="-6" frameWidth="437" frameHeight="460"/>
	<SubTexture name="BF HEY!!0018" x="6583" y="493" width="434" height="460" frameX="-3" frameY="0" frameWidth="437" frameHeight="460"/>
	<SubTexture name="BF HEY!!0019" x="7017" y="493" width="434" height="454" frameX="-3" frameY="-6" frameWidth="437" frameHeight="460"/>
	<SubTexture name="BF HEY!!0020" x="6583" y="493" width="434" height="460" frameX="-3" frameY="0" frameWidth="437" frameHeight="460"/>
	<SubTexture name="BF HEY!!0021" x="7017" y="493" width="434" height="454" frameX="-3" frameY="-6" frameWidth="437" frameHeight="460"/>
	<SubTexture name="BF HEY!!0022" x="6583" y="493" width="434" height="460" frameX="-3" frameY="0" frameWidth="437" frameHeight="460"/>
	<SubTexture name="BF HEY!!0023" x="7017" y="493" width="434" height="454" frameX="-3" frameY="-6" frameWidth="437" frameHeight="460"/>
	<SubTexture name="BF HEY!!0024" x="6583" y="493" width="434" height="460" frameX="-3" frameY="0" frameWidth="437" frameHeight="460"/>
	<SubTexture name="BF HEY!!0025" x="7017" y="493" width="434" height="454" frameX="-3" frameY="-6" frameWidth="437" frameHeight="460"/>
	<SubTexture name="BF NOTE DOWN0000" x="7451" y="493" width="723" height="382" pivotX="-9.5" pivotY="-46.05" frameX="-13" frameY="-8" frameWidth="736" frameHeight="391"/>
	<SubTexture name="BF NOTE DOWN0001" x="0" y="956" width="723" height="375" frameX="-13" frameY="-15" frameWidth="736" frameHeight="391"/>
	<SubTexture name="BF NOTE DOWN0002" x="723" y="956" width="502" height="391" frameX="0" frameY="0" frameWidth="736" frameHeight="391"/>
	<SubTexture name="BF NOTE DOWN0003" x="1225" y="956" width="502" height="385" frameX="0" frameY="-6" frameWidth="736" frameHeight="391"/>
	<SubTexture name="BF NOTE DOWN0004" x="723" y="956" width="502" height="391" frameX="0" frameY="0" frameWidth="736" frameHeight="391"/>
	<SubTexture name="BF NOTE DOWN0005" x="1225" y="956" width="502" height="385" frameX="0" frameY="-6" frameWidth="736" frameHeight="391"/>
	<SubTexture name="BF NOTE DOWN0006" x="723" y="956" width="502" height="391" frameX="0" frameY="0" frameWidth="736" frameHeight="391"/>
	<SubTexture name="BF NOTE DOWN0007" x="1225" y="956" width="502" height="385" frameX="0" frameY="-6" frameWidth="736" frameHeight="391"/>
	<SubTexture name="BF NOTE DOWN0008" x="723" y="956" width="502" height="391" frameX="0" frameY="0" frameWidth="736" frameHeight="391"/>
	<SubTexture name="BF NOTE DOWN0009" x="1225" y="956" width="502" height="385" frameX="0" frameY="-6" frameWidth="736" frameHeight="391"/>
	<SubTexture name="BF NOTE DOWN0010" x="723" y="956" width="502" height="391" frameX="0" frameY="0" frameWidth="736" frameHeight="391"/>
	<SubTexture name="BF NOTE DOWN MISS0000" x="7451" y="493" width="723" height="382" pivotX="-9.5" pivotY="-46.05" frameX="-10" frameY="-52" frameWidth="736" frameHeight="391"/>
	<SubTexture name="BF NOTE DOWN MISS0001" x="1727" y="956" width="495" height="432" frameX="-2" frameY="0" frameWidth="733" frameHeight="434"/>
	<SubTexture name="BF NOTE DOWN MISS0002" x="1727" y="956" width="495" height="432" frameX="-2" frameY="0" frameWidth="733" frameHeight="434"/>
	<SubTexture name="BF NOTE DOWN MISS0003" x="2222" y="956" width="499" height="426" frameX="0" frameY="-6" frameWidth="733" frameHeight="434"/>
	<SubTexture name="BF NOTE DOWN MISS0004" x="2222" y="956" width="499" height="426" frameX="0" frameY="-6" frameWidth="733" frameHeight="434"/>
	<SubTexture name="BF NOTE DOWN MISS0005" x="2721" y="956" width="499" height="426" frameX="0" frameY="-6" frameWidth="733" frameHeight="434"/>
	<SubTexture name="BF NOTE DOWN MISS0006" x="2721" y="956" width="499" height="426" frameX="0" frameY="-6" frameWidth="733" frameHeight="434"/>
	<SubTexture name="BF NOTE DOWN MISS0007" x="2222" y="956" width="499" height="426" frameX="0" frameY="-6" frameWidth="733" frameHeight="434"/>
	<SubTexture name="BF NOTE DOWN MISS0008" x="2222" y="956" width="499" height="426" frameX="0" frameY="-6" frameWidth="733" frameHeight="434"/>
	<SubTexture name="BF NOTE DOWN MISS0009" x="2721" y="956" width="499" height="426" frameX="0" frameY="-6" frameWidth="733" frameHeight="434"/>
	<SubTexture name="BF NOTE DOWN MISS0010" x="2721" y="956" width="499" height="426" frameX="0" frameY="-6" frameWidth="733" frameHeight="434"/>
	<SubTexture name="BF NOTE DOWN MISS0011" x="2222" y="956" width="499" height="426" frameX="0" frameY="-6" frameWidth="733" frameHeight="434"/>
	<SubTexture name="BF NOTE DOWN MISS0012" x="2222" y="956" width="499" height="426" frameX="0" frameY="-6" frameWidth="733" frameHeight="434"/>
	<SubTexture name="BF NOTE DOWN MISS0013" x="2721" y="956" width="499" height="426" frameX="0" frameY="-6" frameWidth="733" frameHeight="434"/>
	<SubTexture name="BF NOTE DOWN MISS0014" x="2721" y="956" width="499" height="426" frameX="0" frameY="-6" frameWidth="733" frameHeight="434"/>
	<SubTexture name="BF NOTE DOWN MISS0015" x="2222" y="956" width="499" height="426" frameX="0" frameY="-6" frameWidth="733" frameHeight="434"/>
	<SubTexture name="BF NOTE DOWN MISS0016" x="2222" y="956" width="499" height="426" frameX="0" frameY="-6" frameWidth="733" frameHeight="434"/>
	<SubTexture name="BF NOTE DOWN MISS0017" x="2721" y="956" width="499" height="426" frameX="0" frameY="-6" frameWidth="733" frameHeight="434"/>
	<SubTexture name="BF NOTE DOWN MISS0018" x="2721" y="956" width="499" height="426" frameX="0" frameY="-6" frameWidth="733" frameHeight="434"/>
	<SubTexture name="BF NOTE DOWN MISS0019" x="2222" y="956" width="499" height="426" frameX="0" frameY="-6" frameWidth="733" frameHeight="434"/>
	<SubTexture name="BF NOTE DOWN MISS0020" x="2222" y="956" width="499" height="426" frameX="0" frameY="-6" frameWidth="733" frameHeight="434"/>
	<SubTexture name="BF NOTE DOWN MISS0021" x="2721" y="956" width="499" height="426" frameX="0" frameY="-6" frameWidth="733" frameHeight="434"/>
	<SubTexture name="BF NOTE DOWN MISS0022" x="2721" y="956" width="499" height="426" frameX="0" frameY="-6" frameWidth="733" frameHeight="434"/>
	<SubTexture name="BF NOTE DOWN MISS0023" x="2222" y="956" width="499" height="426" frameX="0" frameY="-6" frameWidth="733" frameHeight="434"/>
	<SubTexture name="BF NOTE DOWN MISS0024" x="2222" y="956" width="499" height="426" frameX="0" frameY="-6" frameWidth="733" frameHeight="434"/>
	<SubTexture name="BF NOTE LEFT0000" x="3220" y="956" width="449" height="461" pivotX="-27.75" pivotY="-0.45" frameX="-6" frameY="-3" frameWidth="455" frameHeight="464"/>
	<SubTexture name="BF NOTE LEFT0001" x="3669" y="956" width="449" height="461" frameX="-6" frameY="-3" frameWidth="455" frameHeight="464"/>
	<SubTexture name="BF NOTE LEFT0002" x="4118" y="956" width="455" height="464"/>
	<SubTexture name="BF NOTE LEFT0003" x="4573" y="956" width="455" height="460" frameX="0" frameY="-4" frameWidth="455" frameHeight="464"/>
	<SubTexture name="BF NOTE LEFT0004" x="4118" y="956" width="455" height="464"/>
	<SubTexture name="BF NOTE LEFT0005" x="4573" y="956" width="455" height="460" frameX="0" frameY="-4" frameWidth="455" frameHeight="464"/>
	<SubTexture name="BF NOTE LEFT0006" x="4118" y="956" width="455" height="464"/>
	<SubTexture name="BF NOTE LEFT0007" x="4573" y="956" width="455" height="460" frameX="0" frameY="-4" frameWidth="455" frameHeight="464"/>
	<SubTexture name="BF NOTE LEFT0008" x="4118" y="956" width="455" height="464"/>
	<SubTexture name="BF NOTE LEFT0009" x="4573" y="956" width="455" height="460" frameX="0" frameY="-4" frameWidth="455" frameHeight="464"/>
	<SubTexture name="BF NOTE LEFT0010" x="4118" y="956" width="455" height="464"/>
	<SubTexture name="BF NOTE LEFT0011" x="4573" y="956" width="455" height="460" frameX="0" frameY="-4" frameWidth="455" frameHeight="464"/>
	<SubTexture name="BF NOTE LEFT0012" x="4118" y="956" width="455" height="464"/>
	<SubTexture name="BF NOTE LEFT0013" x="4573" y="956" width="455" height="460" frameX="0" frameY="-4" frameWidth="455" frameHeight="464"/>
	<SubTexture name="BF NOTE LEFT0014" x="4118" y="956" width="455" height="464"/>
	<SubTexture name="BF NOTE LEFT0015" x="4573" y="956" width="455" height="460" frameX="0" frameY="-4" frameWidth="455" frameHeight="464"/>
	<SubTexture name="BF NOTE LEFT0016" x="4118" y="956" width="455" height="464"/>
	<SubTexture name="BF NOTE LEFT MISS0000" x="5028" y="956" width="449" height="461" pivotX="-27.4" pivotY="35" frameX="-6" frameY="-38" frameWidth="461" frameHeight="500"/>
	<SubTexture name="BF NOTE LEFT MISS0001" x="5477" y="956" width="459" height="500" frameX="-2" frameY="0" frameWidth="461" frameHeight="500"/>
	<SubTexture name="BF NOTE LEFT MISS0002" x="5477" y="956" width="459" height="500" frameX="-2" frameY="0" frameWidth="461" frameHeight="500"/>
	<SubTexture name="BF NOTE LEFT MISS0003" x="5936" y="956" width="460" height="500" frameX="0" frameY="0" frameWidth="461" frameHeight="500"/>
	<SubTexture name="BF NOTE LEFT MISS0004" x="5936" y="956" width="460" height="500" frameX="0" frameY="0" frameWidth="461" frameHeight="500"/>
	<SubTexture name="BF NOTE LEFT MISS0005" x="6396" y="956" width="460" height="500" frameX="0" frameY="0" frameWidth="461" frameHeight="500"/>
	<SubTexture name="BF NOTE LEFT MISS0006" x="6396" y="956" width="460" height="500" frameX="0" frameY="0" frameWidth="461" frameHeight="500"/>
	<SubTexture name="BF NOTE LEFT MISS0007" x="5936" y="956" width="460" height="500" frameX="0" frameY="0" frameWidth="461" frameHeight="500"/>
	<SubTexture name="BF NOTE LEFT MISS0008" x="5936" y="956" width="460" height="500" frameX="0" frameY="0" frameWidth="461" frameHeight="500"/>
	<SubTexture name="BF NOTE LEFT MISS0009" x="6396" y="956" width="460" height="500" frameX="0" frameY="0" frameWidth="461" frameHeight="500"/>
	<SubTexture name="BF NOTE LEFT MISS0010" x="6396" y="956" width="460" height="500" frameX="0" frameY="0" frameWidth="461" frameHeight="500"/>
	<SubTexture name="BF NOTE LEFT MISS0011" x="5936" y="956" width="460" height="500" frameX="0" frameY="0" frameWidth="461" frameHeight="500"/>
	<SubTexture name="BF NOTE LEFT MISS0012" x="5936" y="956" width="460" height="500" frameX="0" frameY="0" frameWidth="461" frameHeight="500"/>
	<SubTexture name="BF NOTE LEFT MISS0013" x="6396" y="956" width="460" height="500" frameX="0" frameY="0" frameWidth="461" frameHeight="500"/>
	<SubTexture name="BF NOTE LEFT MISS0014" x="6396" y="956" width="460" height="500" frameX="0" frameY="0" frameWidth="461" frameHeight="500"/>
	<SubTexture name="BF NOTE LEFT MISS0015" x="5936" y="956" width="460" height="500" frameX="0" frameY="0" frameWidth="461" frameHeight="500"/>
	<SubTexture name="BF NOTE LEFT MISS0016" x="5936" y="956" width="460" height="500" frameX="0" frameY="0" frameWidth="461" frameHeight="500"/>
	<SubTexture name="BF NOTE LEFT MISS0017" x="6396" y="956" width="460" height="500" frameX="0" frameY="0" frameWidth="461" frameHeight="500"/>
	<SubTexture name="BF NOTE LEFT MISS0018" x="6396" y="956" width="460" height="500" frameX="0" frameY="0" frameWidth="461" frameHeight="500"/>
	<SubTexture name="BF NOTE LEFT MISS0019" x="5936" y="956" width="460" height="500" frameX="0" frameY="0" frameWidth="461" frameHeight="500"/>
	<SubTexture name="BF NOTE LEFT MISS0020" x="5936" y="956" width="460" height="500" frameX="0" frameY="0" frameWidth="461" frameHeight="500"/>
	<SubTexture name="BF NOTE LEFT MISS0021" x="6396" y="956" width="460" height="500" frameX="0" frameY="0" frameWidth="461" frameHeight="500"/>
	<SubTexture name="BF NOTE LEFT MISS0022" x="6396" y="956" width="460" height="500" frameX="0" frameY="0" frameWidth="461" frameHeight="500"/>
	<SubTexture name="BF NOTE LEFT MISS0023" x="5936" y="956" width="460" height="500" frameX="0" frameY="0" frameWidth="461" frameHeight="500"/>
	<SubTexture name="BF NOTE LEFT MISS0024" x="5936" y="956" width="460" height="500" frameX="0" frameY="0" frameWidth="461" frameHeight="500"/>
	<SubTexture name="BF NOTE RIGHT0000" x="6856" y="956" width="458" height="475" pivotX="-39.45" pivotY="-18.25" frameX="-1" frameY="0" frameWidth="459" frameHeight="475"/>
	<SubTexture name="BF NOTE RIGHT0001" x="7314" y="956" width="458" height="469" frameX="-1" frameY="-6" frameWidth="459" frameHeight="475"/>
	<SubTexture name="BF NOTE RIGHT0002" x="0" y="1456" width="442" height="472" frameX="0" frameY="-3" frameWidth="459" frameHeight="475"/>
	<SubTexture name="BF NOTE RIGHT0003" x="442" y="1456" width="442" height="466" frameX="0" frameY="-9" frameWidth="459" frameHeight="475"/>
	<SubTexture name="BF NOTE RIGHT0004" x="0" y="1456" width="442" height="472" frameX="0" frameY="-3" frameWidth="459" frameHeight="475"/>
	<SubTexture name="BF NOTE RIGHT0005" x="442" y="1456" width="442" height="466" frameX="0" frameY="-9" frameWidth="459" frameHeight="475"/>
	<SubTexture name="BF NOTE RIGHT0006" x="0" y="1456" width="442" height="472" frameX="0" frameY="-3" frameWidth="459" frameHeight="475"/>
	<SubTexture name="BF NOTE RIGHT0007" x="442" y="1456" width="442" height="466" frameX="0" frameY="-9" frameWidth="459" frameHeight="475"/>
	<SubTexture name="BF NOTE RIGHT0008" x="0" y="1456" width="442" height="472" frameX="0" frameY="-3" frameWidth="459" frameHeight="475"/>
	<SubTexture name="BF NOTE RIGHT0009" x="442" y="1456" width="442" height="466" frameX="0" frameY="-9" frameWidth="459" frameHeight="475"/>
	<SubTexture name="BF NOTE RIGHT0010" x="0" y="1456" width="442" height="472" frameX="0" frameY="-3" frameWidth="459" frameHeight="475"/>
	<SubTexture name="BF NOTE RIGHT0011" x="442" y="1456" width="442" height="466" frameX="0" frameY="-9" frameWidth="459" frameHeight="475"/>
	<SubTexture name="BF NOTE RIGHT0012" x="0" y="1456" width="442" height="472" frameX="0" frameY="-3" frameWidth="459" frameHeight="475"/>
	<SubTexture name="BF NOTE RIGHT0013" x="442" y="1456" width="442" height="466" frameX="0" frameY="-9" frameWidth="459" frameHeight="475"/>
	<SubTexture name="BF NOTE RIGHT0014" x="0" y="1456" width="442" height="472" frameX="0" frameY="-3" frameWidth="459" frameHeight="475"/>
	<SubTexture name="BF NOTE RIGHT0015" x="442" y="1456" width="442" height="466" frameX="0" frameY="-9" frameWidth="459" frameHeight="475"/>
	<SubTexture name="BF NOTE RIGHT0016" x="0" y="1456" width="442" height="472" frameX="0" frameY="-3" frameWidth="459" frameHeight="475"/>
	<SubTexture name="BF NOTE RIGHT MISS0000" x="884" y="1456" width="458" height="475" pivotX="-29.4" pivotY="29" frameX="-11" frameY="-47" frameWidth="469" frameHeight="522"/>
	<SubTexture name="BF NOTE RIGHT MISS0001" x="1342" y="1456" width="443" height="522" frameX="0" frameY="0" frameWidth="469" frameHeight="522"/>
	<SubTexture name="BF NOTE RIGHT MISS0002" x="1342" y="1456" width="443" height="522" frameX="0" frameY="0" frameWidth="469" frameHeight="522"/>
	<SubTexture name="BF NOTE RIGHT MISS0003" x="1785" y="1456" width="445" height="522" frameX="-1" frameY="0" frameWidth="469" frameHeight="522"/>
	<SubTexture name="BF NOTE RIGHT MISS0004" x="1785" y="1456" width="445" height="522" frameX="-1" frameY="0" frameWidth="469" frameHeight="522"/>
	<SubTexture name="BF NOTE RIGHT MISS0005" x="2230" y="1456" width="445" height="522" frameX="-1" frameY="0" frameWidth="469" frameHeight="522"/>
	<SubTexture name="BF NOTE RIGHT MISS0006" x="2230" y="1456" width="445" height="522" frameX="-1" frameY="0" frameWidth="469" frameHeight="522"/>
	<SubTexture name="BF NOTE RIGHT MISS0007" x="1785" y="1456" width="445" height="522" frameX="-1" frameY="0" frameWidth="469" frameHeight="522"/>
	<SubTexture name="BF NOTE RIGHT MISS0008" x="1785" y="1456" width="445" height="522" frameX="-1" frameY="0" frameWidth="469" frameHeight="522"/>
	<SubTexture name="BF NOTE RIGHT MISS0009" x="2230" y="1456" width="445" height="522" frameX="-1" frameY="0" frameWidth="469" frameHeight="522"/>
	<SubTexture name="BF NOTE RIGHT MISS0010" x="2230" y="1456" width="445" height="522" frameX="-1" frameY="0" frameWidth="469" frameHeight="522"/>
	<SubTexture name="BF NOTE RIGHT MISS0011" x="1785" y="1456" width="445" height="522" frameX="-1" frameY="0" frameWidth="469" frameHeight="522"/>
	<SubTexture name="BF NOTE RIGHT MISS0012" x="1785" y="1456" width="445" height="522" frameX="-1" frameY="0" frameWidth="469" frameHeight="522"/>
	<SubTexture name="BF NOTE RIGHT MISS0013" x="2230" y="1456" width="445" height="522" frameX="-1" frameY="0" frameWidth="469" frameHeight="522"/>
	<SubTexture name="BF NOTE RIGHT MISS0014" x="2230" y="1456" width="445" height="522" frameX="-1" frameY="0" frameWidth="469" frameHeight="522"/>
	<SubTexture name="BF NOTE RIGHT MISS0015" x="1785" y="1456" width="445" height="522" frameX="-1" frameY="0" frameWidth="469" frameHeight="522"/>
	<SubTexture name="BF NOTE RIGHT MISS0016" x="1785" y="1456" width="445" height="522" frameX="-1" frameY="0" frameWidth="469" frameHeight="522"/>
	<SubTexture name="BF NOTE RIGHT MISS0017" x="2230" y="1456" width="445" height="522" frameX="-1" frameY="0" frameWidth="469" frameHeight="522"/>
	<SubTexture name="BF NOTE RIGHT MISS0018" x="2230" y="1456" width="445" height="522" frameX="-1" frameY="0" frameWidth="469" frameHeight="522"/>
	<SubTexture name="BF NOTE RIGHT MISS0019" x="1785" y="1456" width="445" height="522" frameX="-1" frameY="0" frameWidth="469" frameHeight="522"/>
	<SubTexture name="BF NOTE RIGHT MISS0020" x="1785" y="1456" width="445" height="522" frameX="-1" frameY="0" frameWidth="469" frameHeight="522"/>
	<SubTexture name="BF NOTE RIGHT MISS0021" x="2230" y="1456" width="445" height="522" frameX="-1" frameY="0" frameWidth="469" frameHeight="522"/>
	<SubTexture name="BF NOTE RIGHT MISS0022" x="2230" y="1456" width="445" height="522" frameX="-1" frameY="0" frameWidth="469" frameHeight="522"/>
	<SubTexture name="BF NOTE RIGHT MISS0023" x="1785" y="1456" width="445" height="522" frameX="-1" frameY="0" frameWidth="469" frameHeight="522"/>
	<SubTexture name="BF NOTE RIGHT MISS0024" x="1785" y="1456" width="445" height="522" frameX="-1" frameY="0" frameWidth="469" frameHeight="522"/>
	<SubTexture name="BF NOTE UP0000" x="2675" y="1456" width="432" height="495" pivotX="-30.25" pivotY="-17.55" frameX="0" frameY="-4" frameWidth="433" frameHeight="499"/>
	<SubTexture name="BF NOTE UP0001" x="3107" y="1456" width="426" height="499" frameX="0" frameY="0" frameWidth="433" frameHeight="499"/>
	<SubTexture name="BF NOTE UP0002" x="3533" y="1456" width="432" height="490" frameX="-1" frameY="-9" frameWidth="433" frameHeight="499"/>
	<SubTexture name="BF NOTE UP0003" x="3965" y="1456" width="427" height="494" frameX="-1" frameY="-5" frameWidth="433" frameHeight="499"/>
	<SubTexture name="BF NOTE UP0004" x="3533" y="1456" width="432" height="490" frameX="-1" frameY="-9" frameWidth="433" frameHeight="499"/>
	<SubTexture name="BF NOTE UP0005" x="3965" y="1456" width="427" height="494" frameX="-1" frameY="-5" frameWidth="433" frameHeight="499"/>
	<SubTexture name="BF NOTE UP0006" x="3533" y="1456" width="432" height="490" frameX="-1" frameY="-9" frameWidth="433" frameHeight="499"/>
	<SubTexture name="BF NOTE UP0007" x="3965" y="1456" width="427" height="494" frameX="-1" frameY="-5" frameWidth="433" frameHeight="499"/>
	<SubTexture name="BF NOTE UP0008" x="3533" y="1456" width="432" height="490" frameX="-1" frameY="-9" frameWidth="433" frameHeight="499"/>
	<SubTexture name="BF NOTE UP0009" x="3965" y="1456" width="427" height="494" frameX="-1" frameY="-5" frameWidth="433" frameHeight="499"/>
	<SubTexture name="BF NOTE UP0010" x="3533" y="1456" width="432" height="490" frameX="-1" frameY="-9" frameWidth="433" frameHeight="499"/>
	<SubTexture name="BF NOTE UP0011" x="3965" y="1456" width="427" height="494" frameX="-1" frameY="-5" frameWidth="433" frameHeight="499"/>
	<SubTexture name="BF NOTE UP0012" x="3533" y="1456" width="432" height="490" frameX="-1" frameY="-9" frameWidth="433" frameHeight="499"/>
	<SubTexture name="BF NOTE UP0013" x="3965" y="1456" width="427" height="494" frameX="-1" frameY="-5" frameWidth="433" frameHeight="499"/>
	<SubTexture name="BF NOTE UP MISS0000" x="4392" y="1456" width="432" height="495" pivotX="-22.9" pivotY="15.25" frameX="-8" frameY="-36" frameWidth="451" frameHeight="531"/>
	<SubTexture name="BF NOTE UP MISS0001" x="4824" y="1456" width="451" height="526" frameX="0" frameY="-4" frameWidth="451" frameHeight="531"/>
	<SubTexture name="BF NOTE UP MISS0002" x="4824" y="1456" width="451" height="526" frameX="0" frameY="-4" frameWidth="451" frameHeight="531"/>
	<SubTexture name="BF NOTE UP MISS0003" x="5275" y="1456" width="444" height="530" frameX="-4" frameY="0" frameWidth="451" frameHeight="531"/>
	<SubTexture name="BF NOTE UP MISS0004" x="5275" y="1456" width="444" height="530" frameX="-4" frameY="0" frameWidth="451" frameHeight="531"/>
	<SubTexture name="BF NOTE UP MISS0005" x="5719" y="1456" width="444" height="530" frameX="-4" frameY="0" frameWidth="451" frameHeight="531"/>
	<SubTexture name="BF NOTE UP MISS0006" x="5719" y="1456" width="444" height="530" frameX="-4" frameY="0" frameWidth="451" frameHeight="531"/>
	<SubTexture name="BF NOTE UP MISS0007" x="5275" y="1456" width="444" height="530" frameX="-4" frameY="0" frameWidth="451" frameHeight="531"/>
	<SubTexture name="BF NOTE UP MISS0008" x="5275" y="1456" width="444" height="530" frameX="-4" frameY="0" frameWidth="451" frameHeight="531"/>
	<SubTexture name="BF NOTE UP MISS0009" x="5719" y="1456" width="444" height="530" frameX="-4" frameY="0" frameWidth="451" frameHeight="531"/>
	<SubTexture name="BF NOTE UP MISS0010" x="5719" y="1456" width="444" height="530" frameX="-4" frameY="0" frameWidth="451" frameHeight="531"/>
	<SubTexture name="BF NOTE UP MISS0011" x="5275" y="1456" width="444" height="530" frameX="-4" frameY="0" frameWidth="451" frameHeight="531"/>
	<SubTexture name="BF NOTE UP MISS0012" x="5275" y="1456" width="444" height="530" frameX="-4" frameY="0" frameWidth="451" frameHeight="531"/>
	<SubTexture name="BF NOTE UP MISS0013" x="5719" y="1456" width="444" height="530" frameX="-4" frameY="0" frameWidth="451" frameHeight="531"/>
	<SubTexture name="BF NOTE UP MISS0014" x="5719" y="1456" width="444" height="530" frameX="-4" frameY="0" frameWidth="451" frameHeight="531"/>
	<SubTexture name="BF NOTE UP MISS0015" x="5275" y="1456" width="444" height="530" frameX="-4" frameY="0" frameWidth="451" frameHeight="531"/>
	<SubTexture name="BF NOTE UP MISS0016" x="5275" y="1456" width="444" height="530" frameX="-4" frameY="0" frameWidth="451" frameHeight="531"/>
	<SubTexture name="BF NOTE UP MISS0017" x="5719" y="1456" width="444" height="530" frameX="-4" frameY="0" frameWidth="451" frameHeight="531"/>
	<SubTexture name="BF NOTE UP MISS0018" x="5719" y="1456" width="444" height="530" frameX="-4" frameY="0" frameWidth="451" frameHeight="531"/>
	<SubTexture name="BF NOTE UP MISS0019" x="5275" y="1456" width="444" height="530" frameX="-4" frameY="0" frameWidth="451" frameHeight="531"/>
	<SubTexture name="BF NOTE UP MISS0020" x="5275" y="1456" width="444" height="530" frameX="-4" frameY="0" frameWidth="451" frameHeight="531"/>
	<SubTexture name="BF NOTE UP MISS0021" x="5719" y="1456" width="444" height="530" frameX="-4" frameY="0" frameWidth="451" frameHeight="531"/>
	<SubTexture name="BF NOTE UP MISS0022" x="5719" y="1456" width="444" height="530" frameX="-4" frameY="0" frameWidth="451" frameHeight="531"/>
	<SubTexture name="BF NOTE UP MISS0023" x="5275" y="1456" width="444" height="530" frameX="-4" frameY="0" frameWidth="451" frameHeight="531"/>
	<SubTexture name="BF NOTE UP MISS0024" x="5275" y="1456" width="444" height="530" frameX="-4" frameY="0" frameWidth="451" frameHeight="531"/>
	<SubTexture name="BF dies0000" x="6163" y="1456" width="442" height="462" pivotX="88.05" pivotY="-945" frameX="-88" frameY="0" frameWidth="552" frameHeight="472"/>
	<SubTexture name="BF dies0001" x="6605" y="1456" width="446" height="462" frameX="-88" frameY="0" frameWidth="552" frameHeight="472"/>
	<SubTexture name="BF dies0002" x="7051" y="1456" width="467" height="429" frameX="-67" frameY="-36" frameWidth="552" frameHeight="472"/>
	<SubTexture name="BF dies0003" x="7518" y="1456" width="485" height="429" frameX="-67" frameY="-36" frameWidth="552" frameHeight="472"/>
	<SubTexture name="BF dies0004" x="0" y="1986" width="485" height="429" frameX="-67" frameY="-36" frameWidth="552" frameHeight="472"/>
	<SubTexture name="BF dies0005" x="485" y="1986" width="485" height="429" frameX="-67" frameY="-36" frameWidth="552" frameHeight="472"/>
	<SubTexture name="BF dies0006" x="970" y="1986" width="464" height="429" frameX="-67" frameY="-36" frameWidth="552" frameHeight="472"/>
	<SubTexture name="BF dies0007" x="970" y="1986" width="464" height="429" frameX="-67" frameY="-36" frameWidth="552" frameHeight="472"/>
	<SubTexture name="BF dies0008" x="970" y="1986" width="464" height="429" frameX="-67" frameY="-36" frameWidth="552" frameHeight="472"/>
	<SubTexture name="BF dies0009" x="970" y="1986" width="464" height="429" frameX="-67" frameY="-36" frameWidth="552" frameHeight="472"/>
	<SubTexture name="BF dies0010" x="970" y="1986" width="464" height="429" frameX="-67" frameY="-36" frameWidth="552" frameHeight="472"/>
	<SubTexture name="BF dies0011" x="970" y="1986" width="464" height="429" frameX="-67" frameY="-36" frameWidth="552" frameHeight="472"/>
	<SubTexture name="BF dies0012" x="970" y="1986" width="464" height="429" frameX="-67" frameY="-36" frameWidth="552" frameHeight="472"/>
	<SubTexture name="BF dies0013" x="970" y="1986" width="464" height="429" frameX="-67" frameY="-36" frameWidth="552" frameHeight="472"/>
	<SubTexture name="BF dies0014" x="970" y="1986" width="464" height="429" frameX="-67" frameY="-36" frameWidth="552" frameHeight="472"/>
	<SubTexture name="BF dies0015" x="1434" y="1986" width="463" height="429" frameX="-68" frameY="-36" frameWidth="552" frameHeight="472"/>
	<SubTexture name="BF dies0016" x="1434" y="1986" width="463" height="429" frameX="-68" frameY="-36" frameWidth="552" frameHeight="472"/>
	<SubTexture name="BF dies0017" x="1434" y="1986" width="463" height="429" frameX="-68" frameY="-36" frameWidth="552" frameHeight="472"/>
	<SubTexture name="BF dies0018" x="1897" y="1986" width="459" height="429" frameX="-72" frameY="-36" frameWidth="552" frameHeight="472"/>
	<SubTexture name="BF dies0019" x="1897" y="1986" width="459" height="429" frameX="-72" frameY="-36" frameWidth="552" frameHeight="472"/>
	<SubTexture name="BF dies0020" x="2356" y="1986" width="455" height="437" frameX="-76" frameY="-35" frameWidth="552" frameHeight="472"/>
	<SubTexture name="BF dies0021" x="2811" y="1986" width="455" height="434" frameX="-76" frameY="-35" frameWidth="552" frameHeight="472"/>
	<SubTexture name="BF dies0022" x="3266" y="1986" width="431" height="436" frameX="-100" frameY="-36" frameWidth="552" frameHeight="472"/>
	<SubTexture name="BF dies0023" x="3697" y="1986" width="531" height="436" frameX="0" frameY="-36" frameWidth="552" frameHeight="472"/>
	<SubTexture name="BF dies0024" x="3697" y="1986" width="531" height="436" frameX="0" frameY="-36" frameWidth="552" frameHeight="472"/>
	<SubTexture name="BF dies0025" x="4228" y="1986" width="531" height="436" frameX="0" frameY="-36" frameWidth="552" frameHeight="472"/>
	<SubTexture name="BF dies0026" x="4759" y="1986" width="531" height="436" frameX="0" frameY="-36" frameWidth="552" frameHeight="472"/>
	<SubTexture name="BF dies0027" x="4759" y="1986" width="531" height="436" frameX="0" frameY="-36" frameWidth="552" frameHeight="472"/>
	<SubTexture name="BF dies0028" x="4759" y="1986" width="531" height="436" frameX="0" frameY="-36" frameWidth="552" frameHeight="472"/>
	<SubTexture name="BF dies0029" x="4759" y="1986" width="531" height="436" frameX="0" frameY="-36" frameWidth="552" frameHeight="472"/>
	<SubTexture name="BF dies0030" x="4759" y="1986" width="531" height="436" frameX="0" frameY="-36" frameWidth="552" frameHeight="472"/>
	<SubTexture name="BF dies0031" x="4759" y="1986" width="531" height="436" frameX="0" frameY="-36" frameWidth="552" frameHeight="472"/>
	<SubTexture name="BF dies0032" x="4759" y="1986" width="531" height="436" frameX="0" frameY="-36" frameWidth="552" frameHeight="472"/>
	<SubTexture name="BF dies0033" x="4759" y="1986" width="531" height="436" frameX="0" frameY="-36" frameWidth="552" frameHeight="472"/>
	<SubTexture name="BF dies0034" x="4759" y="1986" width="531" height="436" frameX="0" frameY="-36" frameWidth="552" frameHeight="472"/>
	<SubTexture name="BF dies0035" x="5290" y="1986" width="531" height="436" frameX="0" frameY="-36" frameWidth="552" frameHeight="472"/>
	<SubTexture name="BF dies0036" x="5821" y="1986" width="531" height="436" frameX="0" frameY="-36" frameWidth="552" frameHeight="472"/>
	<SubTexture name="BF dies0037" x="6352" y="1986" width="531" height="436" frameX="0" frameY="-36" frameWidth="552" frameHeight="472"/>
	<SubTexture name="BF dies0038" x="6883" y="1986" width="531" height="436" frameX="0" frameY="-36" frameWidth="552" frameHeight="472"/>
	<SubTexture name="BF dies0039" x="7414" y="1986" width="531" height="436" frameX="0" frameY="-36" frameWidth="552" frameHeight="472"/>
	<SubTexture name="BF dies0040" x="0" y="2423" width="531" height="436" frameX="0" frameY="-36" frameWidth="552" frameHeight="472"/>
	<SubTexture name="BF dies0041" x="531" y="2423" width="531" height="436" frameX="0" frameY="-36" frameWidth="552" frameHeight="472"/>
	<SubTexture name="BF dies0042" x="1062" y="2423" width="531" height="436" frameX="0" frameY="-36" frameWidth="552" frameHeight="472"/>
	<SubTexture name="BF dies0043" x="1593" y="2423" width="531" height="436" frameX="0" frameY="-36" frameWidth="552" frameHeight="472"/>
	<SubTexture name="BF dies0044" x="2124" y="2423" width="531" height="436" frameX="0" frameY="-36" frameWidth="552" frameHeight="472"/>
	<SubTexture name="BF dies0045" x="2655" y="2423" width="531" height="436" frameX="0" frameY="-36" frameWidth="552" frameHeight="472"/>
	<SubTexture name="BF dies0046" x="3186" y="2423" width="531" height="436" frameX="0" frameY="-36" frameWidth="552" frameHeight="472"/>
	<SubTexture name="BF dies0047" x="3717" y="2423" width="531" height="436" frameX="0" frameY="-36" frameWidth="552" frameHeight="472"/>
	<SubTexture name="BF dies0048" x="4248" y="2423" width="531" height="436" frameX="0" frameY="-36" frameWidth="552" frameHeight="472"/>
	<SubTexture name="BF dies0049" x="4779" y="2423" width="531" height="436" frameX="0" frameY="-36" frameWidth="552" frameHeight="472"/>
	<SubTexture name="BF dies0050" x="5310" y="2423" width="531" height="436" frameX="0" frameY="-36" frameWidth="552" frameHeight="472"/>
	<SubTexture name="BF dies0051" x="5841" y="2423" width="531" height="436" frameX="0" frameY="-36" frameWidth="552" frameHeight="472"/>
	<SubTexture name="BF dies0052" x="6372" y="2423" width="531" height="436" frameX="0" frameY="-36" frameWidth="552" frameHeight="472"/>
	<SubTexture name="BF dies0053" x="6903" y="2423" width="531" height="436" frameX="0" frameY="-36" frameWidth="552" frameHeight="472"/>
	<SubTexture name="BF dies0054" x="6903" y="2423" width="531" height="436" frameX="0" frameY="-36" frameWidth="552" frameHeight="472"/>
	<SubTexture name="BF dies0055" x="6903" y="2423" width="531" height="436" frameX="0" frameY="-36" frameWidth="552" frameHeight="472"/>
	<SubTexture name="BF dies0056" x="6903" y="2423" width="531" height="436" frameX="0" frameY="-36" frameWidth="552" frameHeight="472"/>
	<SubTexture name="BF dies0057" x="6903" y="2423" width="531" height="436" frameX="0" frameY="-36" frameWidth="552" frameHeight="472"/>
	<SubTexture name="BF idle dance0000" x="7434" y="2423" width="435" height="461" pivotX="0" pivotY="-0.45" frameX="-18" frameY="-13" frameWidth="453" frameHeight="475"/>
	<SubTexture name="BF idle dance0001" x="0" y="2884" width="435" height="455" frameX="-18" frameY="-19" frameWidth="453" frameHeight="475"/>
	<SubTexture name="BF idle dance0002" x="435" y="2884" width="442" height="468" frameX="-11" frameY="-6" frameWidth="453" frameHeight="475"/>
	<SubTexture name="BF idle dance0003" x="877" y="2884" width="442" height="462" frameX="-11" frameY="-12" frameWidth="453" frameHeight="475"/>
	<SubTexture name="BF idle dance0004" x="1319" y="2884" width="448" height="468" frameX="-1" frameY="-7" frameWidth="453" frameHeight="475"/>
	<SubTexture name="BF idle dance0005" x="1767" y="2884" width="444" height="463" frameX="-1" frameY="-12" frameWidth="453" frameHeight="475"/>
	<SubTexture name="BF idle dance0006" x="2211" y="2884" width="444" height="474" frameX="-1" frameY="-1" frameWidth="453" frameHeight="475"/>
	<SubTexture name="BF idle dance0007" x="2655" y="2884" width="442" height="468" frameX="-1" frameY="-7" frameWidth="453" frameHeight="475"/>
	<SubTexture name="BF idle dance0008" x="3097" y="2884" width="443" height="475" frameX="0" frameY="0" frameWidth="453" frameHeight="475"/>
	<SubTexture name="BF idle dance0009" x="3540" y="2884" width="443" height="471" frameX="0" frameY="-4" frameWidth="453" frameHeight="475"/>
	<SubTexture name="BF idle dance0010" x="3097" y="2884" width="443" height="475" frameX="0" frameY="0" frameWidth="453" frameHeight="475"/>
	<SubTexture name="BF idle dance0011" x="3540" y="2884" width="443" height="471" frameX="0" frameY="-4" frameWidth="453" frameHeight="475"/>
	<SubTexture name="BF idle dance0012" x="3097" y="2884" width="443" height="475" frameX="0" frameY="0" frameWidth="453" frameHeight="475"/>
	<SubTexture name="BF idle dance0013" x="3540" y="2884" width="443" height="471" frameX="0" frameY="-4" frameWidth="453" frameHeight="475"/>
	<SubTexture name="BF idle shaking0000" x="3983" y="2884" width="434" height="459" pivotX="438.25" pivotY="460.6" frameX="-1" frameY="-1" frameWidth="437" frameHeight="460"/>
	<SubTexture name="BF idle shaking0001" x="4417" y="2884" width="434" height="459" frameX="0" frameY="-1" frameWidth="437" frameHeight="460"/>
	<SubTexture name="BF idle shaking0002" x="4851" y="2884" width="434" height="459" frameX="-3" frameY="-1" frameWidth="437" frameHeight="460"/>
	<SubTexture name="BF idle shaking0003" x="5285" y="2884" width="434" height="460" frameX="-1" frameY="0" frameWidth="437" frameHeight="460"/>
</TextureAtlas>
