{
	"animations": [
		{
			"offsets": [
				2,
				0
			],
			"loop": false,
			"anim": "idle",
			"fps": 24,
			"name": "BF IDLE",
			"indices": []
		},
		{
			"offsets": [
				0,
				0
			],
			"loop": false,
			"fps": 24,
			"anim": "singUPmiss",
			"indices": [],
			"name": "BF UP MISS"
		},
		{
			"offsets": [
				0,
				0
			],
			"loop": false,
			"fps": 24,
			"anim": "singUP",
			"indices": [],
			"name": "BF UP NOTE"
		},
		{
			"offsets": [
				0,
				0
			],
			"loop": false,
			"fps": 24,
			"anim": "singDOWN",
			"indices": [],
			"name": "BF DOWN NOTE"
		},
		{
			"offsets": [
				0,
				0
			],
			"loop": false,
			"fps": 24,
			"anim": "singDOWNmiss",
			"indices": [],
			"name": "BF DOWN MISS"
		},
		{
			"offsets": [
				0,
				0
			],
			"loop": false,
			"fps": 24,
			"anim": "singLEFT",
			"indices": [],
			"name": "BF RIGHT NOTE"
		},
		{
			"offsets": [
				0,
				0
			],
			"loop": false,
			"fps": 24,
			"anim": "singRIGHTmiss",
			"indices": [],
			"name": "BF LEFT MISS"
		},
		{
			"offsets": [
				0,
				0
			],
			"loop": false,
			"fps": 24,
			"anim": "singLEFTmiss",
			"indices": [],
			"name": "BF RIGHT MISS"
		},
		{
			"offsets": [
				0,
				0
			],
			"loop": false,
			"anim": "singRIGHT",
			"fps": 24,
			"name": "BF LEFT NOTE",
			"indices": []
		}
	],
	"no_antialiasing": true,
	"image": "characters/picoPixel",
	"position": [
		80,
		480
	],
	"healthicon": "pico-pixel",
	"flip_x": true,
	"healthbar_colors": [
		198,
		255,
		111
	],
	"camera_position": [
		50,
		-160
	],
	"sing_duration": 4,
	"scale": 6.8
}