{
	"animations": [
		{
			"loop": false,
			"offsets": [
				-26,
				-12
			],
			"fps": 24,
			"anim": "deathConfirm",
			"indices": [],
			"name": "RETRY CONFIRM"
		},
		{
			"loop": true,
			"offsets": [
				-30,
				-12
			],
			"fps": 24,
			"anim": "deathLoop",
			"indices": [],
			"name": "Retry Loop"
		},
		{
			"loop": false,
			"offsets": [
				0,
				0
			],
			"fps": 24,
			"anim": "firstDeath",
			"indices": [],
			"name": "BF Dies pixel"
		}
	],
	"no_antialiasing": true,
	"image": "characters/picoPixelDEAD",
	"position": [
		0,
		350
	],
	"healthicon": "bf-pixel",
	"flip_x": true,
	"healthbar_colors": [
		254,
		127,
		0
	],
	"camera_position": [
		50,
		-60
	],
	"sing_duration": 4,
	"scale": 6
}